address,propertyType,bedrooms,transactions,lat,lon,detailsUrl
"Flat 2, 38, Portland Rise, London, Greater London N4 2PP",FLAT,,"[{'displayPrice': '£775,000', 'dateSold': '30 Sep 2024', 'tenure': 'LEASEHOLD', 'newBuild': False}, {'displayPrice': '£603,000', 'dateSold': '25 Aug 2022', 'tenure': 'LEASEHOLD', 'newBuild': False}]",51.56786,-0.0963,https://www.rightmove.co.uk/house-prices/details/england-21717163?s=5558b9040ca0adf026f912782cb35b797717b300d20f7f11d715a5c0cf328f4d
"Flat 48, Cloudesley Mansions, Cloudesley Place, London, Greater London N1 0ED",FLAT,1,"[{'displayPrice': '£610,000', 'dateSold': '30 Sep 2024', 'tenure': 'LEASEHOLD', 'newBuild': False}, {'displayPrice': '£590,000', 'dateSold': '17 Jan 2020', 'tenure': 'LEASEHOLD', 'newBuild': False}, {'displayPrice': '£485,000', 'dateSold': '31 Jan 2018', 'tenure': 'LEASEHOLD', 'newBuild': False}]",51.53569,-0.10903,https://www.rightmove.co.uk/house-prices/details/england-73580050-21714898?s=781820670b7db455a7376a83460e0f2be339ff86bc6ec13d37a33e60978c9083
"Garden Flat, 376, Wandsworth Road, London, Greater London SW8 4TE",FLAT,,"[{'displayPrice': '£575,000', 'dateSold': '27 Sep 2024', 'tenure': 'LEASEHOLD', 'newBuild': False}, {'displayPrice': '£625,000', 'dateSold': '10 Oct 2017', 'tenure': 'LEASEHOLD', 'newBuild': False}, {'displayPrice': '£385,000', 'dateSold': '16 Dec 2011', 'tenure': 'LEASEHOLD', 'newBuild': False}, {'displayPrice': '£220,000', 'dateSold': '30 Mar 2001', 'tenure': 'LEASEHOLD', 'newBuild': False}]",51.4715,-0.1376,https://www.rightmove.co.uk/house-prices/details/england-21812638?s=4643080eda850499fccfd906744d9f0dc5c32c5fedd3fcfff95301da55214a49
"56, Whiteley Road, London, Greater London SE19 1JT",TERRACED,5,"[{'displayPrice': '£927,500', 'dateSold': '27 Sep 2024', 'tenure': 'FREEHOLD', 'newBuild': False}, {'displayPrice': '£117,000', 'dateSold': '5 May 1995', 'tenure': 'FREEHOLD', 'newBuild': False}]",51.42404,-0.08899,https://www.rightmove.co.uk/house-prices/details/england-145784846-21783904?s=831f1c040c2836f10b9d657faaa038dde5fe4dce417fe866236d296a6561740c
"75, Inverness Avenue, Enfield, Greater London EN1 3NX",FLAT,2,"[{'displayPrice': '£343,500', 'dateSold': '27 Sep 2024', 'tenure': 'LEASEHOLD', 'newBuild': False}, {'displayPrice': '£297,000', 'dateSold': '7 Jan 2022', 'tenure': 'LEASEHOLD', 'newBuild': False}, {'displayPrice': '£168,500', 'dateSold': '1 Sep 2003', 'tenure': 'LEASEHOLD', 'newBuild': False}, {'displayPrice': '£67,500', 'dateSold': '21 Nov 1997', 'tenure': 'LEASEHOLD', 'newBuild': False}, {'displayPrice': '£56,700', 'dateSold': '19 Jul 1995', 'tenure': 'LEASEHOLD', 'newBuild': False}]",51.66456,-0.0707,https://www.rightmove.co.uk/house-prices/details/england-144036971-21652783?s=a6c612b8247be2bcda06d6e642d0790446d79c23ff5f2bcb964a7d81c52638ac
"90, Glenview, London, Greater London SE2 0SH",SEMI_DETACHED,3,"[{'displayPrice': '£457,000', 'dateSold': '27 Sep 2024', 'tenure': 'FREEHOLD', 'newBuild': False}, {'displayPrice': '£227,000', 'dateSold': '12 Nov 2007', 'tenure': 'FREEHOLD', 'newBuild': False}]",51.47966,0.12758,https://www.rightmove.co.uk/house-prices/details/england-7524675-21784072?s=90494d6a4a8ae3ab498220e4152f86340ec0dbd79e4f1b599e007b7b229c06fd
"19, Ashley Drive, Twickenham, Greater London TW2 6HJ",SEMI_DETACHED,,"[{'displayPrice': '£710,000', 'dateSold': '27 Sep 2024', 'tenure': 'FREEHOLD', 'newBuild': False}, {'displayPrice': '£595,000', 'dateSold': '6 Aug 2018', 'tenure': 'FREEHOLD', 'newBuild': False}, {'displayPrice': '£125,000', 'dateSold': '28 Aug 1998', 'tenure': 'FREEHOLD', 'newBuild': False}]",51.44862,-0.36419,https://www.rightmove.co.uk/house-prices/details/england-21829051?s=ca40e5d14e8e6564d2abc688d6d5a363551edf9047171ab418732e06de458980
"Flat 29, Alpha House, 4, Beta Place, London, Greater London SW4 7QN",FLAT,,"[{'displayPrice': '£790,000', 'dateSold': '27 Sep 2024', 'tenure': 'LEASEHOLD', 'newBuild': False}, {'displayPrice': '£745,000', 'dateSold': '10 Jan 2017', 'tenure': 'LEASEHOLD', 'newBuild': False}, {'displayPrice': '£280,000', 'dateSold': '26 Nov 2002', 'tenure': 'LEASEHOLD', 'newBuild': False}]",51.46133,-0.12031,https://www.rightmove.co.uk/house-prices/details/england-21811726?s=9bdb0692d6a509b8fed470cea431dc86e0040729eeb4baec0fda4fae6c8975c2
"Flat 5 Lower Ground Floor, Northwood Hall, Hornsey Lane, London, Greater London N6 5PE",FLAT,2,"[{'displayPrice': '£440,000', 'dateSold': '27 Sep 2024', 'tenure': 'LEASEHOLD', 'newBuild': False}, {'displayPrice': '£430,000', 'dateSold': '12 May 2016', 'tenure': 'LEASEHOLD', 'newBuild': False}, {'displayPrice': '£280,000', 'dateSold': '30 Jun 2011', 'tenure': 'LEASEHOLD', 'newBuild': False}, {'displayPrice': '£250,000', 'dateSold': '19 Oct 2009', 'tenure': 'LEASEHOLD', 'newBuild': False}, {'displayPrice': '£213,500', 'dateSold': '17 Mar 2006', 'tenure': 'LEASEHOLD', 'newBuild': False}, {'displayPrice': '£190,000', 'dateSold': '29 Aug 2003', 'tenure': 'LEASEHOLD', 'newBuild': False}]",51.57166,-0.13712,https://www.rightmove.co.uk/house-prices/details/england-123255218-21717418?s=bd5a962929efd0655b47448e181b356681f49018d79342e5171260c38ac3b9e0
"17, Merritt Road, London, Greater London SE4 1DU",TERRACED,3,"[{'displayPrice': '£774,000', 'dateSold': '27 Sep 2024', 'tenure': 'FREEHOLD', 'newBuild': False}, {'displayPrice': '£338,500', 'dateSold': '15 Jun 2007', 'tenure': 'FREEHOLD', 'newBuild': False}, {'displayPrice': '£58,750', 'dateSold': '8 Feb 1996', 'tenure': 'FREEHOLD', 'newBuild': False}]",51.45606,-0.03517,https://www.rightmove.co.uk/house-prices/details/england-146085020-21785368?s=a63fdb16878071e07d59a839ac3f145a8744043d671116dec4394bf70b0afddb
"9, Harvard Road, London, Greater London SE13 6SE",TERRACED,3,"[{'displayPrice': '£650,000', 'dateSold': '27 Sep 2024', 'tenure': 'FREEHOLD', 'newBuild': False}, {'displayPrice': '£555,000', 'dateSold': '5 Jun 2020', 'tenure': 'FREEHOLD', 'newBuild': False}, {'displayPrice': '£249,995', 'dateSold': '31 Mar 2006', 'tenure': 'FREEHOLD', 'newBuild': False}, {'displayPrice': '£245,000', 'dateSold': '1 Oct 2004', 'tenure': 'FREEHOLD', 'newBuild': False}, {'displayPrice': '£177,995', 'dateSold': '29 May 2002', 'tenure': 'FREEHOLD', 'newBuild': False}]",51.45294,-0.00983,https://www.rightmove.co.uk/house-prices/details/england-148644515-21782956?s=208b5cd9fc059e5857bb64f34814837cf3bbf9a83ced507239e80cb04d309ed0
"18, Strathnairn Street, London, Greater London SE1 5BL",TERRACED,3,"[{'displayPrice': '£690,000', 'dateSold': '26 Sep 2024', 'tenure': 'FREEHOLD', 'newBuild': False}, {'displayPrice': '£452,500', 'dateSold': '28 Jun 2019', 'tenure': 'FREEHOLD', 'newBuild': False}, {'displayPrice': '£200,000', 'dateSold': '17 Oct 2005', 'tenure': 'FREEHOLD', 'newBuild': False}]",51.49103,-0.06651,https://www.rightmove.co.uk/house-prices/details/england-142106624-21782284?s=53c8d01f1b276a74062b168d030ed295f42e2d2e0e2a6e55accccb25f8f824a1
"Garden Flat, 21, Stanley Road, Teddington, Greater London TW11 8TP",FLAT,,"[{'displayPrice': '£645,000', 'dateSold': '26 Sep 2024', 'tenure': 'LEASEHOLD', 'newBuild': False}, {'displayPrice': '£599,950', 'dateSold': '14 May 2021', 'tenure': 'LEASEHOLD', 'newBuild': False}, {'displayPrice': '£520,000', 'dateSold': '6 May 2016', 'tenure': 'LEASEHOLD', 'newBuild': False}, {'displayPrice': '£285,000', 'dateSold': '29 Jun 2007', 'tenure': 'LEASEHOLD', 'newBuild': False}]",51.42817,-0.34234,https://www.rightmove.co.uk/house-prices/details/england-21828184?s=6873faaea54408c80f25567414fe44d8cf5ae832174a8500aa56d3f534f615a2
"10a, Crown Road, St Margarets, Twickenham, Greater London TW1 3EE",FLAT,3,"[{'displayPrice': '£433,333', 'dateSold': '26 Sep 2024', 'tenure': 'LEASEHOLD', 'newBuild': False}, {'displayPrice': '£355,000', 'dateSold': '10 Mar 2006', 'tenure': 'LEASEHOLD', 'newBuild': False}, {'displayPrice': '£135,000', 'dateSold': '9 Oct 2000', 'tenure': 'FREEHOLD', 'newBuild': False}]",51.45437,-0.31966,https://www.rightmove.co.uk/house-prices/details/england-124053326-21827965?s=e2fd13c896a812f5c13d834e289ed7cb18ed04300fa077a7f51c28349d2ce0fc
"16, Beaulieu Close, Twickenham, Greater London TW1 2JR",FLAT,3,"[{'displayPrice': '£825,000', 'dateSold': '26 Sep 2024', 'tenure': 'LEASEHOLD', 'newBuild': False}, {'displayPrice': '£315,000', 'dateSold': '29 Jun 2010', 'tenure': 'LEASEHOLD', 'newBuild': False}]",51.45311,-0.30689,https://www.rightmove.co.uk/house-prices/details/england-147835322-21827932?s=1b403ac0b5de2e550b8a25889aa5d0955687114e31a7615605acf74eebea71ff
"32, Hillside Grove, London, Greater London N14 6HE",TERRACED,2,"[{'displayPrice': '£480,000', 'dateSold': '26 Sep 2024', 'tenure': 'FREEHOLD', 'newBuild': False}, {'displayPrice': '£116,240', 'dateSold': '14 Jul 1998', 'tenure': 'FREEHOLD', 'newBuild': False}]",51.63462,-0.12616,https://www.rightmove.co.uk/house-prices/details/england-143341067-21715642?s=c2bacf4f7c8a604b8681bd0682a622a6c777ce39636fbdb5b7100e8619008b4b
"Penthouse 4, Rear Building 47-49, Tudor Road, London, Greater London E9 7SN",FLAT,,"[{'displayPrice': '£750,000', 'dateSold': '26 Sep 2024', 'tenure': 'LEASEHOLD', 'newBuild': False}, {'displayPrice': '£450,000', 'dateSold': '11 Sep 2013', 'tenure': 'LEASEHOLD', 'newBuild': False}]",51.53877,-0.0554,https://www.rightmove.co.uk/house-prices/details/england-21652435?s=5ed4498b3bbcc6e0933b9b6b67ce91faebc3f3c6599b02a03b776445820de55a
"Flat 20, Fitzroy Court, Shepherds Hill, London, Greater London N6 5RD",FLAT,2,"[{'displayPrice': '£700,000', 'dateSold': '25 Sep 2024', 'tenure': 'LEASEHOLD', 'newBuild': False}, {'displayPrice': '£650,000', 'dateSold': '7 Jan 2015', 'tenure': 'LEASEHOLD', 'newBuild': False}]",51.57842,-0.13771,https://www.rightmove.co.uk/house-prices/details/england-150093512-21717427?s=f6a1bc58258c8f4ffeb2fa46d47376d7f991f352c2951a91e95c4127f33811ab
"14, Silverhall Street, Isleworth, Greater London TW7 6RF",TERRACED,3,"[{'displayPrice': '£638,940', 'dateSold': '25 Sep 2024', 'tenure': 'FREEHOLD', 'newBuild': False}, {'displayPrice': '£399,950', 'dateSold': '19 Jan 2012', 'tenure': 'FREEHOLD', 'newBuild': False}, {'displayPrice': '£107,500', 'dateSold': '1 Mar 1995', 'tenure': 'FREEHOLD', 'newBuild': False}]",51.47004,-0.32714,https://www.rightmove.co.uk/house-prices/details/england-145513100-21829768?s=ec7504b1a121c58082039edb8a73d1a2f256fbada51ca4080c3d0a23b4e658a3
"69, Sandycombe Road, Richmond, Greater London TW9 2EP",TERRACED,3,"[{'displayPrice': '£916,500', 'dateSold': '25 Sep 2024', 'tenure': 'FREEHOLD', 'newBuild': False}, {'displayPrice': '£780,000', 'dateSold': '26 Nov 2019', 'tenure': 'FREEHOLD', 'newBuild': False}, {'displayPrice': '£665,000', 'dateSold': '20 May 2016', 'tenure': 'FREEHOLD', 'newBuild': False}, {'displayPrice': '£157,500', 'dateSold': '9 Jul 1999', 'tenure': 'FREEHOLD', 'newBuild': False}]",51.46974,-0.28785,https://www.rightmove.co.uk/house-prices/details/england-83781230-21829933?s=d1743f3626156cfb2280e280d4975a4fef32a466a63056f2614c52dc91d9e14e
"62, Eastside Mews, London, Greater London E3 2GU",FLAT,,"[{'displayPrice': '£530,000', 'dateSold': '25 Sep 2024', 'tenure': 'LEASEHOLD', 'newBuild': False}, {'displayPrice': '£500,000', 'dateSold': '29 Jan 2016', 'tenure': 'LEASEHOLD', 'newBuild': False}, {'displayPrice': '£369,000', 'dateSold': '21 May 2014', 'tenure': 'LEASEHOLD', 'newBuild': False}, {'displayPrice': '£355,000', 'dateSold': '26 Oct 2007', 'tenure': 'LEASEHOLD', 'newBuild': False}]",51.53079,-0.02431,https://www.rightmove.co.uk/house-prices/details/england-21651376?s=7684c66c2544e9c4d1fe90fc0083ed463f4d587a16366861c18c9d7418f1111c
"Flat 4, Ambassadors Court, 9, Holly Street, London, Greater London E8 3XT",FLAT,,"[{'displayPrice': '£510,000', 'dateSold': '25 Sep 2024', 'tenure': 'LEASEHOLD', 'newBuild': False}, {'displayPrice': '£405,000', 'dateSold': '23 Apr 2021', 'tenure': 'LEASEHOLD', 'newBuild': False}, {'displayPrice': '£271,000', 'dateSold': '14 Nov 2007', 'tenure': 'LEASEHOLD', 'newBuild': False}, {'displayPrice': '£197,500', 'dateSold': '5 Sep 2005', 'tenure': 'LEASEHOLD', 'newBuild': False}, {'displayPrice': '£152,500', 'dateSold': '27 Jul 2001', 'tenure': 'LEASEHOLD', 'newBuild': False}, {'displayPrice': '£125,000', 'dateSold': '4 Feb 2000', 'tenure': 'LEASEHOLD', 'newBuild': False}]",51.54085,-0.07204,https://www.rightmove.co.uk/house-prices/details/england-21652339?s=40b91aa2028721c12f75eab7c2b6e819c5d506657ee005277e3f07ed57b6417c
"Flat B, 143, Battersea Rise, London, Greater London SW11 1HE",FLAT,,"[{'displayPrice': '£712,500', 'dateSold': '25 Sep 2024', 'tenure': 'LEASEHOLD', 'newBuild': False}, {'displayPrice': '£657,000', 'dateSold': '28 Jul 2011', 'tenure': 'LEASEHOLD', 'newBuild': False}, {'displayPrice': '£260,000', 'dateSold': '31 May 2001', 'tenure': 'LEASEHOLD', 'newBuild': False}, {'displayPrice': '£265,000', 'dateSold': '22 Sep 2000', 'tenure': 'LEASEHOLD', 'newBuild': False}, {'displayPrice': '£190,000', 'dateSold': '2 Apr 1998', 'tenure': 'LEASEHOLD', 'newBuild': False}, {'displayPrice': '£170,000', 'dateSold': '15 May 1997', 'tenure': 'FREEHOLD', 'newBuild': False}]",51.4603,-0.1693,https://www.rightmove.co.uk/house-prices/details/england-21808456?s=8f7787c31a565cf94dfdd32be32da54464d75fae1bdeca4a38cc3654d21e3cb4
"40, Kynaston Road, Enfield, Greater London EN2 0DB",TERRACED,4,"[{'displayPrice': '£675,000', 'dateSold': '25 Sep 2024', 'tenure': 'FREEHOLD', 'newBuild': False}, {'displayPrice': '£355,000', 'dateSold': '17 Aug 2010', 'tenure': 'FREEHOLD', 'newBuild': False}, {'displayPrice': '£271,500', 'dateSold': '15 Nov 2005', 'tenure': 'FREEHOLD', 'newBuild': False}]",51.66285,-0.08118,https://www.rightmove.co.uk/house-prices/details/england-145814942-21653110?s=b566207070189ca3a7650f73ef2d5150019df9b76aa285028e5565789d4645b0
"124, Meadowview Road, London, Greater London SE6 3NQ",SEMI_DETACHED,2,"[{'displayPrice': '£330,000', 'dateSold': '25 Sep 2024', 'tenure': 'LEASEHOLD', 'newBuild': False}, {'displayPrice': '£310,000', 'dateSold': '26 Aug 2022', 'tenure': 'LEASEHOLD', 'newBuild': False}, {'displayPrice': '£75,000', 'dateSold': '25 Feb 2013', 'tenure': 'LEASEHOLD', 'newBuild': False}, {'displayPrice': '£104,000', 'dateSold': '19 Oct 2006', 'tenure': 'LEASEHOLD', 'newBuild': False}, {'displayPrice': '£94,000', 'dateSold': '12 Jul 2006', 'tenure': 'LEASEHOLD', 'newBuild': False}]",51.4252,-0.02873,https://www.rightmove.co.uk/house-prices/details/england-53378227-21785758?s=6420914fd225f947b7a2e64765ac740fcf8a6dc9bc7e4d788c9c466b62802f9d
"Flat 26, Pegasus Court, 194, Horn Lane, London, Greater London W3 6PT",FLAT,,"[{'displayPrice': '£160,000', 'dateSold': '25 Sep 2024', 'tenure': 'LEASEHOLD', 'newBuild': False}, {'displayPrice': '£199,950', 'dateSold': '20 Apr 2007', 'tenure': 'LEASEHOLD', 'newBuild': False}]",51.51602,-0.26767,https://www.rightmove.co.uk/house-prices/details/england-21832555?s=98f9833776d06bf9c2dbe0e1c27a3746295d89cbc9af59b897555706f58e101b
"124, Meadowview Road, London, Greater London SE6 3NQ",SEMI_DETACHED,2,"[{'displayPrice': '£330,000', 'dateSold': '25 Sep 2024', 'tenure': 'LEASEHOLD', 'newBuild': False}, {'displayPrice': '£310,000', 'dateSold': '26 Aug 2022', 'tenure': 'LEASEHOLD', 'newBuild': False}, {'displayPrice': '£75,000', 'dateSold': '25 Feb 2013', 'tenure': 'LEASEHOLD', 'newBuild': False}, {'displayPrice': '£104,000', 'dateSold': '19 Oct 2006', 'tenure': 'LEASEHOLD', 'newBuild': False}, {'displayPrice': '£94,000', 'dateSold': '12 Jul 2006', 'tenure': 'LEASEHOLD', 'newBuild': False}]",51.4252,-0.02873,https://www.rightmove.co.uk/house-prices/details/england-53378227-21785758?s=6420914fd225f947b7a2e64765ac740fcf8a6dc9bc7e4d788c9c466b62802f9d
"26, Risborough Close, London, Greater London N10 3PL",FLAT,,"[{'displayPrice': '£400,000', 'dateSold': '25 Sep 2024', 'tenure': 'LEASEHOLD', 'newBuild': False}, {'displayPrice': '£78,000', 'dateSold': '15 Aug 2001', 'tenure': 'LEASEHOLD', 'newBuild': False}, {'displayPrice': '£55,000', 'dateSold': '27 Nov 1998', 'tenure': 'LEASEHOLD', 'newBuild': False}]",51.59006,-0.14027,https://www.rightmove.co.uk/house-prices/details/england-21715336?s=22d30cd98d7814431b147070539231cd5a119844c4b4bc3992a45a845f196223
"Flat 1, 300, Sandycombe Road, Richmond, Greater London TW9 3NG",FLAT,,"[{'displayPrice': '£172,269', 'dateSold': '25 Sep 2024', 'tenure': 'LEASEHOLD', 'newBuild': False}, {'displayPrice': '£530,000', 'dateSold': '20 May 2021', 'tenure': 'LEASEHOLD', 'newBuild': False}]",51.4762,-0.28703,https://www.rightmove.co.uk/house-prices/details/england-21829969?s=93fe80d8161632485b1003f3c0201c37a78c2e65690e2e826c0e4289af4ee32b
"Flat 37, Curtiss House, 27, Heritage Avenue, London, Greater London NW9 5WT",FLAT,,"[{'displayPrice': '£265,000', 'dateSold': '25 Sep 2024', 'tenure': 'LEASEHOLD', 'newBuild': False}, {'displayPrice': '£220,000', 'dateSold': '19 Sep 2011', 'tenure': 'LEASEHOLD', 'newBuild': False}]",51.59532,-0.24242,https://www.rightmove.co.uk/house-prices/details/england-21742321?s=48c80f9de90d0a21e58b8f98a57cd2954b2c817a87c6f928a0f507dc15cbf320
"Flat 7, Montego Court, 48, Myrdle Street, London, Greater London E1 1HL",FLAT,,"[{'displayPrice': '£515,000', 'dateSold': '24 Sep 2024', 'tenure': 'LEASEHOLD', 'newBuild': False}, {'displayPrice': '£482,000', 'dateSold': '3 Jul 2015', 'tenure': 'LEASEHOLD', 'newBuild': False}]",51.51544,-0.06346,https://www.rightmove.co.uk/house-prices/details/england-21648604?s=6942faf4f62d1a3bb05b923cc0010ec28bf70fc78ead8fed1a6be404ded01cb2
"12, Kildare Road, London, Greater London E16 4AD",TERRACED,3,"[{'displayPrice': '£425,000', 'dateSold': '24 Sep 2024', 'tenure': 'FREEHOLD', 'newBuild': False}, {'displayPrice': '£225,000', 'dateSold': '27 Sep 2013', 'tenure': 'FREEHOLD', 'newBuild': False}, {'displayPrice': '£190,000', 'dateSold': '22 Oct 2004', 'tenure': 'FREEHOLD', 'newBuild': False}]",51.518,0.01938,https://www.rightmove.co.uk/house-prices/details/england-77615167-21650599?s=482a1207b5ec0f22213f2e74dac6ec300f8ca62ff802c0f7f91028bc1068b92d
"85, John Archer Way, London, Greater London SW18 2TT",FLAT,2,"[{'displayPrice': '£497,500', 'dateSold': '24 Sep 2024', 'tenure': 'LEASEHOLD', 'newBuild': False}, {'displayPrice': '£540,000', 'dateSold': '26 May 2022', 'tenure': 'LEASEHOLD', 'newBuild': False}, {'displayPrice': '£540,000', 'dateSold': '15 Jul 2016', 'tenure': 'LEASEHOLD', 'newBuild': False}, {'displayPrice': '£476,250', 'dateSold': '3 Dec 2015', 'tenure': 'LEASEHOLD', 'newBuild': False}, {'displayPrice': '£250,000', 'dateSold': '28 Feb 2006', 'tenure': 'LEASEHOLD', 'newBuild': False}, {'displayPrice': '£160,000', 'dateSold': '29 Nov 1999', 'tenure': 'LEASEHOLD', 'newBuild': False}]",51.453,-0.17348,https://www.rightmove.co.uk/house-prices/details/england-153025904-21810214?s=9ac9f561e2e96af6925eaf066982a619daaa39a3829f989c873f85f4e15669c0
"85, Brigadier Hill, Enfield, Greater London EN2 0NJ",SEMI_DETACHED,3,"[{'displayPrice': '£530,000', 'dateSold': '24 Sep 2024', 'tenure': 'FREEHOLD', 'newBuild': False}, {'displayPrice': '£389,000', 'dateSold': '12 Feb 2015', 'tenure': 'FREEHOLD', 'newBuild': False}, {'displayPrice': '£159,950', 'dateSold': '3 Jul 2001', 'tenure': 'FREEHOLD', 'newBuild': False}, {'displayPrice': '£117,250', 'dateSold': '30 Jun 1999', 'tenure': 'FREEHOLD', 'newBuild': False}]",51.6661,-0.08755,https://www.rightmove.co.uk/house-prices/details/england-60382374-21653137?s=ce9f8792fe1a23ae374a776823d54406b23b52d49e32313cb403e4d011464afd
"Flat 18, Farthing Court, 33, Langstone Way, London, Greater London NW7 1GQ",FLAT,,"[{'displayPrice': '£325,000', 'dateSold': '24 Sep 2024', 'tenure': 'LEASEHOLD', 'newBuild': False}, {'displayPrice': '£315,000', 'dateSold': '9 Mar 2020', 'tenure': 'LEASEHOLD', 'newBuild': False}, {'displayPrice': '£315,000', 'dateSold': '28 Feb 2019', 'tenure': 'LEASEHOLD', 'newBuild': False}, {'displayPrice': '£292,950', 'dateSold': '29 Apr 2005', 'tenure': 'LEASEHOLD', 'newBuild': False}]",51.60643,-0.20978,https://www.rightmove.co.uk/house-prices/details/england-21741973?s=66f19e036c806801c320c524cc191da1bdefa6f915261f86d1887b2a44456e21
"Flat 8, St. Annes Court, 123, Salusbury Road, London, Greater London NW6 6RG",FLAT,,"[{'displayPrice': '£435,000', 'dateSold': '24 Sep 2024', 'tenure': 'LEASEHOLD', 'newBuild': False}, {'displayPrice': '£385,000', 'dateSold': '11 Sep 2020', 'tenure': 'LEASEHOLD', 'newBuild': False}, {'displayPrice': '£320,000', 'dateSold': '25 Jul 2012', 'tenure': 'LEASEHOLD', 'newBuild': False}, {'displayPrice': '£85,995', 'dateSold': '8 Nov 1996', 'tenure': 'LEASEHOLD', 'newBuild': False}]",51.53768,-0.20671,https://www.rightmove.co.uk/house-prices/details/england-21741904?s=107bf20ba186a2ddfb9a075592aaf3c109d3cbb22de7df42db2b3335ed1ba9e7
"The Cottage, Lambert Road, London, Greater London N12 9ER",DETACHED,2,"[{'displayPrice': '£535,000', 'dateSold': '23 Sep 2024', 'tenure': 'FREEHOLD', 'newBuild': False}, {'displayPrice': '£240,000', 'dateSold': '16 Oct 2006', 'tenure': 'FREEHOLD', 'newBuild': False}, {'displayPrice': '£232,500', 'dateSold': '27 Mar 2002', 'tenure': 'FREEHOLD', 'newBuild': False}, {'displayPrice': '£150,000', 'dateSold': '4 Sep 1998', 'tenure': 'FREEHOLD', 'newBuild': False}, {'displayPrice': '£88,000', 'dateSold': '8 Dec 1995', 'tenure': 'FREEHOLD', 'newBuild': False}]",51.61317,-0.17471,https://www.rightmove.co.uk/house-prices/details/england-147838511-21715504?s=fbd9be5503c1c79f914b9155933251906ddd42f7fd66ede0490dbfa9a9fbb01f
"24, Wells Place, London, Greater London SW18 3AW",FLAT,1,"[{'displayPrice': '£375,000', 'dateSold': '23 Sep 2024', 'tenure': 'LEASEHOLD', 'newBuild': False}, {'displayPrice': '£158,000', 'dateSold': '31 Jul 2001', 'tenure': 'LEASEHOLD', 'newBuild': False}]",51.44851,-0.18589,https://www.rightmove.co.uk/house-prices/details/england-116059976-21810235?s=5aa6fffc4df479b9ba8240ea1a4925f085bb6b7fa4a6ab369308cb573775ac0a
"Flat 4b, Welbeck Mansions, Inglewood Road, London, Greater London NW6 1QX",FLAT,1,"[{'displayPrice': '£570,000', 'dateSold': '23 Sep 2024', 'tenure': 'LEASEHOLD', 'newBuild': False}, {'displayPrice': '£496,999', 'dateSold': '12 Dec 2013', 'tenure': 'LEASEHOLD', 'newBuild': False}, {'displayPrice': '£358,000', 'dateSold': '17 Jul 2007', 'tenure': 'LEASEHOLD', 'newBuild': False}, {'displayPrice': '£235,000', 'dateSold': '6 May 2005', 'tenure': 'LEASEHOLD', 'newBuild': False}, {'displayPrice': '£120,000', 'dateSold': '14 Nov 1997', 'tenure': 'LEASEHOLD', 'newBuild': False}]",51.55105,-0.19349,https://www.rightmove.co.uk/house-prices/details/england-148911116-21741706?s=862a085054018db356496889674189ba79cf04a689ab1f98376edf640e619890
"Flat 5, 33, Seward Street, London, Greater London EC1V 3PA",FLAT,,"[{'displayPrice': '£645,000', 'dateSold': '23 Sep 2024', 'tenure': 'LEASEHOLD', 'newBuild': False}, {'displayPrice': '£650,000', 'dateSold': '2 Feb 2020', 'tenure': 'LEASEHOLD', 'newBuild': False}]",51.52634,-0.09788,https://www.rightmove.co.uk/house-prices/details/england-21652546?s=8ab4279603cdf43b0058d43f1edfc6b409adf55ed94051ddc2d3ddf047638048
"Flat 2, 7, St Anns Villas, London, Greater London W11 4RU",FLAT,,"[{'displayPrice': '£605,000', 'dateSold': '23 Sep 2024', 'tenure': 'LEASEHOLD', 'newBuild': False}]",51.50633,-0.21486,https://www.rightmove.co.uk/house-prices/details/england-21831370?s=69ba02e05a7ab5d72db2b43b984fa8e8001206a02afdd1cbea29d20d4cf6d4fb
"Ground Floor Flat, 17, Steeles Road, London, Greater London NW3 4SH",FLAT,1,"[{'displayPrice': '£770,000', 'dateSold': '23 Sep 2024', 'tenure': 'LEASEHOLD', 'newBuild': False}, {'displayPrice': '£745,000', 'dateSold': '7 Jan 2015', 'tenure': 'LEASEHOLD', 'newBuild': False}, {'displayPrice': '£615,000', 'dateSold': '12 Aug 2011', 'tenure': 'LEASEHOLD', 'newBuild': False}, {'displayPrice': '£450,000', 'dateSold': '14 Feb 2011', 'tenure': 'LEASEHOLD', 'newBuild': False}]",51.54602,-0.15865,https://www.rightmove.co.uk/house-prices/details/england-63400786-21741373?s=7521a32dc1c0b00228f6367160840fed76413ef94a33a29a05117d4791f44ee2
"75, Dorothy Road, London, Greater London SW11 2JJ",TERRACED,4,"[{'displayPrice': '£960,000', 'dateSold': '23 Sep 2024', 'tenure': 'FREEHOLD', 'newBuild': False}, {'displayPrice': '£660,000', 'dateSold': '11 May 2007', 'tenure': 'FREEHOLD', 'newBuild': False}, {'displayPrice': '£275,000', 'dateSold': '3 Feb 2006', 'tenure': 'FREEHOLD', 'newBuild': False}]",51.46553,-0.16419,https://www.rightmove.co.uk/house-prices/details/england-86884272-21808516?s=0c1abd0b2e25804f09b624167dc78421aced0bfe631764563a638d7c7b137f49
"5b, Arundel Square, London, Greater London N7 8AT",TERRACED,2,"[{'displayPrice': '£457,770', 'dateSold': '23 Sep 2024', 'tenure': 'LEASEHOLD', 'newBuild': False}, {'displayPrice': '£335,000', 'dateSold': '24 Jun 2011', 'tenure': 'LEASEHOLD', 'newBuild': False}]",51.5455,-0.10934,https://www.rightmove.co.uk/house-prices/details/england-153470057-21717547?s=cc15358194126c7caf4f4d467ff3b0923b8f4dbdfd72ac2f66e66c12c437dc89
"139, Stag Lane, London, Greater London NW9 0QS",TERRACED,4,"[{'displayPrice': '£750,000', 'dateSold': '23 Sep 2024', 'tenure': 'FREEHOLD', 'newBuild': False}, {'displayPrice': '£640,000', 'dateSold': '8 Jun 2018', 'tenure': 'FREEHOLD', 'newBuild': False}]",51.59498,-0.26827,https://www.rightmove.co.uk/house-prices/details/england-67219769-21742267?s=b0c91cf349da1629c616d97629b166375c8632cbb84d5bce7ca29a53ac17aa6e
"23, Vandyke Close, London, Greater London SW15 3JQ",FLAT,2,"[{'displayPrice': '£468,000', 'dateSold': '23 Sep 2024', 'tenure': 'LEASEHOLD', 'newBuild': False}, {'displayPrice': '£425,000', 'dateSold': '11 Feb 2021', 'tenure': 'LEASEHOLD', 'newBuild': False}, {'displayPrice': '£320,000', 'dateSold': '20 Jul 2012', 'tenure': 'LEASEHOLD', 'newBuild': False}, {'displayPrice': '£307,000', 'dateSold': '18 Feb 2008', 'tenure': 'LEASEHOLD', 'newBuild': False}, {'displayPrice': '£187,000', 'dateSold': '27 Apr 2001', 'tenure': 'LEASEHOLD', 'newBuild': False}]",51.45154,-0.2193,https://www.rightmove.co.uk/house-prices/details/england-147700844-21809380?s=83c6bae082f21a3ef9cad008fe731eeb713b69ff6a6f7f0c620f7a1c6dae161c
"9, Heston House, 30, Wellesley Road, London, Greater London W4 4BN",FLAT,,"[{'displayPrice': '£390,000', 'dateSold': '23 Sep 2024', 'tenure': 'LEASEHOLD', 'newBuild': False}, {'displayPrice': '£385,000', 'dateSold': '20 Mar 2015', 'tenure': 'LEASEHOLD', 'newBuild': False}, {'displayPrice': '£202,000', 'dateSold': '18 Sep 2006', 'tenure': 'LEASEHOLD', 'newBuild': False}]",51.49023,-0.27484,https://www.rightmove.co.uk/house-prices/details/england-21832948?s=4c2c109ac3e08a109219fe34233df09b00d5600e0e377462a68408c996df35c9
"33, Glenville Avenue, Enfield, Greater London EN2 0ER",TERRACED,4,"[{'displayPrice': '£725,000', 'dateSold': '23 Sep 2024', 'tenure': 'FREEHOLD', 'newBuild': False}, {'displayPrice': '£295,000', 'dateSold': '22 Mar 2013', 'tenure': 'FREEHOLD', 'newBuild': False}]",51.66562,-0.08613,https://www.rightmove.co.uk/house-prices/details/england-148497011-21653116?s=eaa73343d7ad8e2b01bb4974dc40cf540123f093bb8a5c48ec84d4c0991c4222
"54, Colmer Road, London, Greater London SW16 5JZ",TERRACED,5,"[{'displayPrice': '£755,000', 'dateSold': '23 Sep 2024', 'tenure': 'FREEHOLD', 'newBuild': False}, {'displayPrice': '£550,000', 'dateSold': '10 Jul 2015', 'tenure': 'FREEHOLD', 'newBuild': False}, {'displayPrice': '£310,000', 'dateSold': '28 Jun 2013', 'tenure': 'FREEHOLD', 'newBuild': False}]",51.41403,-0.12613,https://www.rightmove.co.uk/house-prices/details/england-149315492-21809692?s=8e70264dbead06fbb74a8d7468d3e7b1df82cddc6315d63d8c6093cb3947226b
"Flat 57, Aragon Court, 8, Hotspur Street, London, Greater London SE11 6BX",FLAT,,"[{'displayPrice': '£564,500', 'dateSold': '23 Sep 2024', 'tenure': 'LEASEHOLD', 'newBuild': False}, {'displayPrice': '£550,000', 'dateSold': '6 Oct 2015', 'tenure': 'LEASEHOLD', 'newBuild': False}]",51.48998,-0.11279,https://www.rightmove.co.uk/house-prices/details/england-21782740?s=237d8f75c3e032921e4a64b10269c8afdc9db426cb194a070b9a52d4b10d1ad2
"30, Perry Mead, Enfield, Greater London EN2 8BP",TERRACED,3,"[{'displayPrice': '£425,000', 'dateSold': '23 Sep 2024', 'tenure': 'FREEHOLD', 'newBuild': False}, {'displayPrice': '£220,000', 'dateSold': '22 Mar 2006', 'tenure': 'FREEHOLD', 'newBuild': False}]",51.66009,-0.09446,https://www.rightmove.co.uk/house-prices/details/england-150490340-21653197?s=6f9ed963e2f632851e7c3e93b7812ae1e442c31ce65a9d2253571d3d0928a320
"Flat 17, 10, Corsica Street, London, Greater London N5 1FT",FLAT,,"[{'displayPrice': '£720,000', 'dateSold': '23 Sep 2024', 'tenure': 'LEASEHOLD', 'newBuild': False}, {'displayPrice': '£760,000', 'dateSold': '25 Nov 2016', 'tenure': 'LEASEHOLD', 'newBuild': False}]",51.54699,-0.10135,https://www.rightmove.co.uk/house-prices/details/england-21717277?s=f9125050937e41d58a1fa4cd1aa476e8ef8c0f3a9c18b09ade0c77234539b444
"79, Drayton Avenue, London, Greater London W13 0LE",TERRACED,3,"[{'displayPrice': '£740,000', 'dateSold': '23 Sep 2024', 'tenure': 'FREEHOLD', 'newBuild': False}, {'displayPrice': '£346,500', 'dateSold': '16 Sep 2004', 'tenure': 'FREEHOLD', 'newBuild': False}, {'displayPrice': '£249,000', 'dateSold': '9 Oct 2002', 'tenure': 'FREEHOLD', 'newBuild': False}]",51.51396,-0.32337,https://www.rightmove.co.uk/house-prices/details/england-147812150-21831562?s=a2f47c8df4e4d25d04ffad86ff899d4b82c922d5adbe575cffe152aa755b9f1e
"Flat 12, Bluebell House, 8, Blondin Way, London, Greater London SE16 6BD",FLAT,,"[{'displayPrice': '£530,000', 'dateSold': '23 Sep 2024', 'tenure': 'LEASEHOLD', 'newBuild': False}, {'displayPrice': '£530,000', 'dateSold': '3 Mar 2021', 'tenure': 'LEASEHOLD', 'newBuild': False}, {'displayPrice': '£425,000', 'dateSold': '20 Jun 2014', 'tenure': 'LEASEHOLD', 'newBuild': False}]",51.50105,-0.03655,https://www.rightmove.co.uk/house-prices/details/england-21783505?s=5bd4924a7dc655cd7450611ea7475dcd17bf8aee37b64b966096194d57f7f8f9
"Flat 35, Statham Court, 20, Tollington Way, London, Greater London N7 6FP",FLAT,,"[{'displayPrice': '£450,000', 'dateSold': '23 Sep 2024', 'tenure': 'LEASEHOLD', 'newBuild': False}, {'displayPrice': '£320,000', 'dateSold': '25 Nov 2011', 'tenure': 'LEASEHOLD', 'newBuild': False}, {'displayPrice': '£220,000', 'dateSold': '15 Sep 2003', 'tenure': 'LEASEHOLD', 'newBuild': False}, {'displayPrice': '£187,450', 'dateSold': '8 Jun 2000', 'tenure': 'LEASEHOLD', 'newBuild': False}]",51.56128,-0.12312,https://www.rightmove.co.uk/house-prices/details/england-21717502?s=8f923a4576c4145c2161ba2aeffa8fbaf9a631815209246a10bac83bf78dc970
"23, Wycherley Close, London, Greater London SE3 7QH",TERRACED,3,"[{'displayPrice': '£720,000', 'dateSold': '23 Sep 2024', 'tenure': 'FREEHOLD', 'newBuild': False}, {'displayPrice': '£620,000', 'dateSold': '15 Feb 2021', 'tenure': 'FREEHOLD', 'newBuild': False}, {'displayPrice': '£460,000', 'dateSold': '19 Jul 2013', 'tenure': 'FREEHOLD', 'newBuild': False}, {'displayPrice': '£248,000', 'dateSold': '25 Jul 2003', 'tenure': 'FREEHOLD', 'newBuild': False}, {'displayPrice': '£130,000', 'dateSold': '24 Mar 1997', 'tenure': 'FREEHOLD', 'newBuild': False}, {'displayPrice': '£87,000', 'dateSold': '6 Jan 1995', 'tenure': 'FREEHOLD', 'newBuild': False}]",51.47752,0.00953,https://www.rightmove.co.uk/house-prices/details/england-149066750-21785236?s=6711bec5e7921fc94e6d3cc80637e2fbc45f9dcd1e1e0eb31a209a962a384a1e
"Flat 18, Kingsgate House, Gosling Way, London, Greater London SW9 6JX",FLAT,1,"[{'displayPrice': '£336,000', 'dateSold': '23 Sep 2024', 'tenure': 'LEASEHOLD', 'newBuild': False}, {'displayPrice': '£320,000', 'dateSold': '12 Jul 2017', 'tenure': 'LEASEHOLD', 'newBuild': False}, {'displayPrice': '£300,000', 'dateSold': '26 Feb 2016', 'tenure': 'LEASEHOLD', 'newBuild': False}, {'displayPrice': '£192,500', 'dateSold': '5 Oct 2007', 'tenure': 'LEASEHOLD', 'newBuild': False}]",51.47611,-0.11121,https://www.rightmove.co.uk/house-prices/details/england-144457715-21812758?s=e36d8c5b3bde30912bff2913051f32080f0dc44e11e9408386ac3c1d12c66874
"Fernbank, King Street, London, Greater London N2 8EA",TERRACED,3,"[{'displayPrice': '£840,000', 'dateSold': '20 Sep 2024', 'tenure': 'FREEHOLD', 'newBuild': False}, {'displayPrice': '£305,800', 'dateSold': '17 Sep 2003', 'tenure': 'FREEHOLD', 'newBuild': False}, {'displayPrice': '£185,000', 'dateSold': '6 Nov 1998', 'tenure': 'FREEHOLD', 'newBuild': False}, {'displayPrice': '£110,000', 'dateSold': '31 May 1996', 'tenure': 'FREEHOLD', 'newBuild': False}]",51.59388,-0.17173,https://www.rightmove.co.uk/house-prices/details/england-146077799-21716575?s=63fe16a04f2319e35a71b848428fb05db436fad14a0eb2396bc7edbbc3e51c1f
"Ground Floor Flat, 57, Lichfield Grove, London, Greater London N3 2JJ",FLAT,,"[{'displayPrice': '£475,000', 'dateSold': '20 Sep 2024', 'tenure': 'LEASEHOLD', 'newBuild': False}, {'displayPrice': '£475,000', 'dateSold': '7 Jun 2016', 'tenure': 'LEASEHOLD', 'newBuild': False}, {'displayPrice': '£301,500', 'dateSold': '25 Nov 2010', 'tenure': 'LEASEHOLD', 'newBuild': False}, {'displayPrice': '£245,000', 'dateSold': '20 May 2005', 'tenure': 'LEASEHOLD', 'newBuild': False}]",51.59905,-0.19173,https://www.rightmove.co.uk/house-prices/details/england-21717001?s=b5bbf1c3c4de2c524cc257b9b7478500e8e3633f5ac4c9e6c9c2d4c36c284492
"41, Weybourne Street, London, Greater London SW18 4HG",TERRACED,3,"[{'displayPrice': '£970,000', 'dateSold': '20 Sep 2024', 'tenure': 'FREEHOLD', 'newBuild': False}, {'displayPrice': '£870,000', 'dateSold': '24 Jun 2014', 'tenure': 'FREEHOLD', 'newBuild': False}]",51.43748,-0.18805,https://www.rightmove.co.uk/house-prices/details/england-133310885-21810379?s=d8803f713aa7b52c76dfb9b36f68f232f5b4350c5b5c418904f2d466a3a10a74
"1, Charles Court, Larden Road, London, Greater London W3 7DR",FLAT,,"[{'displayPrice': '£430,000', 'dateSold': '20 Sep 2024', 'tenure': 'LEASEHOLD', 'newBuild': False}, {'displayPrice': '£405,000', 'dateSold': '20 Oct 2022', 'tenure': 'LEASEHOLD', 'newBuild': False}]",51.50393,-0.25285,https://www.rightmove.co.uk/house-prices/details/england-21832594?s=522f1d2f333b3a2976df86dc87e1ea8f3ec7202cb0349bd47c62a8894afd4a95
"28, Lavender Road, London, Greater London SE16 5DZ",TERRACED,3,"[{'displayPrice': '£800,000', 'dateSold': '20 Sep 2024', 'tenure': 'FREEHOLD', 'newBuild': False}, {'displayPrice': '£553,500', 'dateSold': '11 Feb 2022', 'tenure': 'FREEHOLD', 'newBuild': False}, {'displayPrice': '£299,950', 'dateSold': '21 Oct 2011', 'tenure': 'FREEHOLD', 'newBuild': False}, {'displayPrice': '£226,000', 'dateSold': '16 Sep 2005', 'tenure': 'FREEHOLD', 'newBuild': False}, {'displayPrice': '£166,000', 'dateSold': '27 Apr 2000', 'tenure': 'FREEHOLD', 'newBuild': False}, {'displayPrice': '£66,000', 'dateSold': '28 Jun 1996', 'tenure': 'FREEHOLD', 'newBuild': False}]",51.5063,-0.03863,https://www.rightmove.co.uk/house-prices/details/england-146555624-21783469?s=04389ce03e33363a9ad27cdf18fa297599f1de2893120103f5c76284463deff2
"18, Kenilworth Avenue, London, Greater London E17 4PE",TERRACED,2,"[{'displayPrice': '£852,000', 'dateSold': '20 Sep 2024', 'tenure': 'FREEHOLD', 'newBuild': False}, {'displayPrice': '£470,000', 'dateSold': '29 Jan 2016', 'tenure': 'FREEHOLD', 'newBuild': False}, {'displayPrice': '£185,000', 'dateSold': '18 Mar 2005', 'tenure': 'FREEHOLD', 'newBuild': False}]",51.59146,-0.01692,https://www.rightmove.co.uk/house-prices/details/england-35371632-21650704?s=97e7f81d41c69387e8cbdb27bfc974da9eeedaba2dbe03e2cd81d7e22b85c34f
"73, Rathcoole Gardens, London, Greater London N8 9NE",FLAT,2,"[{'displayPrice': '£650,000', 'dateSold': '20 Sep 2024', 'tenure': 'LEASEHOLD', 'newBuild': False}, {'displayPrice': '£349,999', 'dateSold': '1 May 2008', 'tenure': 'LEASEHOLD', 'newBuild': False}, {'displayPrice': '£262,000', 'dateSold': '24 Jan 2003', 'tenure': 'LEASEHOLD', 'newBuild': False}, {'displayPrice': '£195,000', 'dateSold': '15 Dec 2000', 'tenure': 'LEASEHOLD', 'newBuild': False}, {'displayPrice': '£92,500', 'dateSold': '29 Apr 1997', 'tenure': 'LEASEHOLD', 'newBuild': False}]",51.58232,-0.11157,https://www.rightmove.co.uk/house-prices/details/england-147096422-21717865?s=2c8e9cb691e855f9321cbba1eed1a6bc8a298fc8e28122e9abcbb935000822f1
"Basement Flat, 12, Fairfield Road, London, Greater London N8 9HG",FLAT,,"[{'displayPrice': '£520,000', 'dateSold': '20 Sep 2024', 'tenure': 'LEASEHOLD', 'newBuild': False}, {'displayPrice': '£477,499', 'dateSold': '22 Sep 2020', 'tenure': 'LEASEHOLD', 'newBuild': False}, {'displayPrice': '£525,000', 'dateSold': '30 Jul 2015', 'tenure': 'LEASEHOLD', 'newBuild': False}, {'displayPrice': '£360,000', 'dateSold': '21 Aug 2007', 'tenure': 'LEASEHOLD', 'newBuild': False}]",51.58111,-0.12014,https://www.rightmove.co.uk/house-prices/details/england-21717847?s=f3743734ce9e355741b5aeff3cb1a810f206d0b03e52fed915e218bf3eb9f0e7
"Flat 606, Bagshaw Building, 1, Wards Place, London, Greater London E14 9AZ",FLAT,,"[{'displayPrice': '£525,000', 'dateSold': '20 Sep 2024', 'tenure': 'LEASEHOLD', 'newBuild': False}, {'displayPrice': '£529,200', 'dateSold': '3 Mar 2021', 'tenure': 'LEASEHOLD', 'newBuild': False}]",51.5018,-0.02211,https://www.rightmove.co.uk/house-prices/details/england-21649825?s=5726daa38d7cd7cd3aa1a105923a46347b6a6a2e6378cab3a7f3cbf9771f136d
"Flat 1, Cedar Court, 267, Hainault Road, London, Greater London E11 1ET",FLAT,,"[{'displayPrice': '£395,000', 'dateSold': '20 Sep 2024', 'tenure': 'LEASEHOLD', 'newBuild': False}, {'displayPrice': '£368,000', 'dateSold': '20 Nov 2019', 'tenure': 'LEASEHOLD', 'newBuild': False}, {'displayPrice': '£355,000', 'dateSold': '19 Apr 2016', 'tenure': 'LEASEHOLD', 'newBuild': False}]",51.57364,0.00496,https://www.rightmove.co.uk/house-prices/details/england-21649072?s=5a1ff97deedfef9fe8853c1dc66a2e6b78dcdd1efac9b2190d18c252625ddc3c
"127, Chichester Road, London, Greater London N9 9DF",TERRACED,3,"[{'displayPrice': '£385,000', 'dateSold': '20 Sep 2024', 'tenure': 'FREEHOLD', 'newBuild': False}]",51.6311,-0.06475,https://www.rightmove.co.uk/house-prices/details/england-13301865-21717955?s=94b7d291ddca584dd8362dc4b521a948c00c8ab0d6c511edfd8846599fd63800
"32, Guibal Road, London, Greater London SE12 9LX",TERRACED,3,"[{'displayPrice': '£535,000', 'dateSold': '20 Sep 2024', 'tenure': 'FREEHOLD', 'newBuild': False}, {'displayPrice': '£418,000', 'dateSold': '1 May 2015', 'tenure': 'FREEHOLD', 'newBuild': False}]",51.44352,0.02056,https://www.rightmove.co.uk/house-prices/details/england-146569874-21782827?s=f2c04392c5f5022e3c3a21ec75c43785c7f3fefd42d4a8e5aec1dd05a75b79b5
"19, Brockley Way, London, Greater London SE4 2LW",FLAT,,"[{'displayPrice': '£315,000', 'dateSold': '20 Sep 2024', 'tenure': 'LEASEHOLD', 'newBuild': False}, {'displayPrice': '£290,000', 'dateSold': '29 Oct 2021', 'tenure': 'LEASEHOLD', 'newBuild': False}, {'displayPrice': '£217,000', 'dateSold': '3 Mar 2014', 'tenure': 'LEASEHOLD', 'newBuild': False}]",51.45658,-0.04422,https://www.rightmove.co.uk/house-prices/details/england-21785449?s=7c0601eeae09939f4a4654b35477817ee89458c822ee22ab9405657bb4fd0776
"48, Sixth Avenue, London, Greater London W10 4HD",TERRACED,2,"[{'displayPrice': '£870,000', 'dateSold': '20 Sep 2024', 'tenure': 'FREEHOLD', 'newBuild': False}, {'displayPrice': '£500,000', 'dateSold': '25 May 2010', 'tenure': 'FREEHOLD', 'newBuild': False}, {'displayPrice': '£475,000', 'dateSold': '23 Sep 2009', 'tenure': 'FREEHOLD', 'newBuild': False}, {'displayPrice': '£341,500', 'dateSold': '28 Jul 2006', 'tenure': 'FREEHOLD', 'newBuild': False}, {'displayPrice': '£330,000', 'dateSold': '17 Jul 2003', 'tenure': 'FREEHOLD', 'newBuild': False}, {'displayPrice': '£249,000', 'dateSold': '5 Mar 2001', 'tenure': 'FREEHOLD', 'newBuild': False}, {'displayPrice': '£205,000', 'dateSold': '10 Dec 1999', 'tenure': 'FREEHOLD', 'newBuild': False}]",51.52843,-0.21328,https://www.rightmove.co.uk/house-prices/details/england-81022107-21831202?s=8f925578755a4ba97e5619fab350da4439380c8ef89c52af493a47845a94a9cf
"77, Spruce Hills Road, London, Greater London E17 4LB",TERRACED,3,"[{'displayPrice': '£500,000', 'dateSold': '20 Sep 2024', 'tenure': 'FREEHOLD', 'newBuild': False}, {'displayPrice': '£245,000', 'dateSold': '1 Jul 2005', 'tenure': 'FREEHOLD', 'newBuild': False}, {'displayPrice': '£181,000', 'dateSold': '15 Mar 2005', 'tenure': 'FREEHOLD', 'newBuild': False}, {'displayPrice': '£178,000', 'dateSold': '19 Dec 2003', 'tenure': 'FREEHOLD', 'newBuild': False}]",51.59222,-0.00909,https://www.rightmove.co.uk/house-prices/details/england-142970066-21650686?s=de5088330fbe6100884cffdc11640feae3b720ec51987298e5f6637df421fbd7
"20, Salisbury Road, London, Greater London SE25 5DU",TERRACED,4,"[{'displayPrice': '£346,500', 'dateSold': '20 Sep 2024', 'tenure': 'FREEHOLD', 'newBuild': False}, {'displayPrice': '£59,995', 'dateSold': '3 Feb 1997', 'tenure': 'FREEHOLD', 'newBuild': False}, {'displayPrice': '£38,000', 'dateSold': '23 Jan 1996', 'tenure': 'FREEHOLD', 'newBuild': False}]",51.38623,-0.06993,https://www.rightmove.co.uk/house-prices/details/england-147849140-21784771?s=d6fcc428d4754941651152efd926db555867b3450a759fe96e24fbc326ad6962
"87, Byron Road, London, Greater London E17 4SN",FLAT,,"[{'displayPrice': '£501,260', 'dateSold': '20 Sep 2024', 'tenure': 'LEASEHOLD', 'newBuild': False}]",51.58824,-0.01807,https://www.rightmove.co.uk/house-prices/details/england-21650719?s=c321ca482568bc1b8cf867c64fd249c77425970c887046dad2e3506c37ef964f
"10, Langdon Crescent, London, Greater London E6 2PP",TERRACED,3,"[{'displayPrice': '£395,000', 'dateSold': '20 Sep 2024', 'tenure': 'FREEHOLD', 'newBuild': False}, {'displayPrice': '£68,000', 'dateSold': '7 Aug 1998', 'tenure': 'FREEHOLD', 'newBuild': False}, {'displayPrice': '£46,000', 'dateSold': '19 Sep 1997', 'tenure': 'FREEHOLD', 'newBuild': False}]",51.53166,0.06642,https://www.rightmove.co.uk/house-prices/details/england-140624900-21651985?s=ce8f49189e147c5760b94e6d0864b78bc9901b34ddff4b553213f5f24c4b8035
